SHOES,PRICES,LINKS
Jordan 4 Retro SE Paris Olympics Wet Cement,$233,"https://images.stockx.com/images/Air-Jordan-4-Retro-SE-Paris-Product.jpg?fit=fill&bg=FFFFFF&w=140&h=75&auto=compress&dpr=1&trim=color&updated_at=1719604258&fm=avif&q=57 1x,
https://images.stockx.com/images/Air-Jordan-4-Retro-SE-Paris-Product.jpg?fit=fill&bg=FFFFFF&w=140&h=75&auto=compress&dpr=2&trim=color&updated_at=1719604258&fm=avif&q=60 2x,
https://images.stockx.com/images/Air-Jordan-4-Retro-SE-Paris-Product.jpg?fit=fill&bg=FFFFFF&w=140&h=75&auto=compress&dpr=3&trim=color&updated_at=1719604258&fm=avif&q=41 3x"
Jordan 4 RM SP Nigel Sylvester Driveway Grey,$179,"https://images.stockx.com/images/Air-Jordan-4-RM-SP-Nigel-Sylvester-Iron-Grey-Updated.jpg?fit=fill&bg=FFFFFF&w=140&h=75&auto=compress&dpr=1&trim=color&updated_at=1722535867&fm=avif&q=57 1x,
https://images.stockx.com/images/Air-Jordan-4-RM-SP-Nigel-Sylvester-Iron-Grey-Updated.jpg?fit=fill&bg=FFFFFF&w=140&h=75&auto=compress&dpr=2&trim=color&updated_at=1722535867&fm=avif&q=60 2x,
https://images.stockx.com/images/Air-Jordan-4-RM-SP-Nigel-Sylvester-Iron-Grey-Updated.jpg?fit=fill&bg=FFFFFF&w=140&h=75&auto=compress&dpr=3&trim=color&updated_at=1722535867&fm=avif&q=41 3x"
Nike Kobe 4 Protro Gold Medal (2024),$208,"https://images.stockx.com/images/Nike-Kobe-4-Protro-Gold-Medal-2024-Product.jpg?fit=fill&bg=FFFFFF&w=140&h=75&auto=compress&dpr=1&trim=color&updated_at=1722970750&fm=avif&q=57 1x,
https://images.stockx.com/images/Nike-Kobe-4-Protro-Gold-Medal-2024-Product.jpg?fit=fill&bg=FFFFFF&w=140&h=75&auto=compress&dpr=2&trim=color&updated_at=1722970750&fm=avif&q=60 2x,
https://images.stockx.com/images/Nike-Kobe-4-Protro-Gold-Medal-2024-Product.jpg?fit=fill&bg=FFFFFF&w=140&h=75&auto=compress&dpr=3&trim=color&updated_at=1722970750&fm=avif&q=41 3x"
Nike SB Dunk Low There Skateboards,$147,"https://images.stockx.com/images/Nike-SB-Dunk-Low-There-Skateboards-Product.jpg?fit=fill&bg=FFFFFF&w=140&h=75&auto=compress&dpr=1&trim=color&updated_at=1722353486&fm=avif&q=57 1x,
https://images.stockx.com/images/Nike-SB-Dunk-Low-There-Skateboards-Product.jpg?fit=fill&bg=FFFFFF&w=140&h=75&auto=compress&dpr=2&trim=color&updated_at=1722353486&fm=avif&q=60 2x,
https://images.stockx.com/images/Nike-SB-Dunk-Low-There-Skateboards-Product.jpg?fit=fill&bg=FFFFFF&w=140&h=75&auto=compress&dpr=3&trim=color&updated_at=1722353486&fm=avif&q=41 3x"
Nike SB Dunk Low Electric Pack Olympic Safari,$124,"https://images.stockx.com/images/Nike-SB-Dunk-Low-Olympics-Safari-Product.jpg?fit=fill&bg=FFFFFF&w=140&h=75&auto=compress&dpr=1&trim=color&updated_at=1721307477&fm=avif&q=57 1x,
https://images.stockx.com/images/Nike-SB-Dunk-Low-Olympics-Safari-Product.jpg?fit=fill&bg=FFFFFF&w=140&h=75&auto=compress&dpr=2&trim=color&updated_at=1721307477&fm=avif&q=60 2x,
https://images.stockx.com/images/Nike-SB-Dunk-Low-Olympics-Safari-Product.jpg?fit=fill&bg=FFFFFF&w=140&h=75&auto=compress&dpr=3&trim=color&updated_at=1721307477&fm=avif&q=41 3x"
Denim Tears Cotton Wreath Hoodie Black Monochrome,$212,"https://images.stockx.com/images/Denim-Tears-Cotton-Wreath-Hoodie-Black-Monochrome-v2.jpg?fit=fill&bg=FFFFFF&w=140&h=75&auto=compress&dpr=1&trim=color&updated_at=1713190551&fm=avif&q=57 1x,
https://images.stockx.com/images/Denim-Tears-Cotton-Wreath-Hoodie-Black-Monochrome-v2.jpg?fit=fill&bg=FFFFFF&w=140&h=75&auto=compress&dpr=2&trim=color&updated_at=1713190551&fm=avif&q=60 2x,
https://images.stockx.com/images/Denim-Tears-Cotton-Wreath-Hoodie-Black-Monochrome-v2.jpg?fit=fill&bg=FFFFFF&w=140&h=75&auto=compress&dpr=3&trim=color&updated_at=1713190551&fm=avif&q=41 3x"
Nike KD 4 NERF (2024),$132,"https://images.stockx.com/images/Nike-KD-4-NERF-2024-Product.jpg?fit=fill&bg=FFFFFF&w=140&h=75&auto=compress&dpr=1&trim=color&updated_at=1720004576&fm=avif&q=57 1x,
https://images.stockx.com/images/Nike-KD-4-NERF-2024-Product.jpg?fit=fill&bg=FFFFFF&w=140&h=75&auto=compress&dpr=2&trim=color&updated_at=1720004576&fm=avif&q=60 2x,
https://images.stockx.com/images/Nike-KD-4-NERF-2024-Product.jpg?fit=fill&bg=FFFFFF&w=140&h=75&auto=compress&dpr=3&trim=color&updated_at=1720004576&fm=avif&q=41 3x"
Travis Scott Free The Rage II Tee Black,$70,"https://images.stockx.com/images/Travis-Scott-Free-The-Rage-II-Tee-Black.jpg?fit=fill&bg=FFFFFF&w=140&h=75&auto=compress&dpr=1&trim=color&updated_at=1718970626&fm=avif&q=57 1x,
https://images.stockx.com/images/Travis-Scott-Free-The-Rage-II-Tee-Black.jpg?fit=fill&bg=FFFFFF&w=140&h=75&auto=compress&dpr=2&trim=color&updated_at=1718970626&fm=avif&q=60 2x,
https://images.stockx.com/images/Travis-Scott-Free-The-Rage-II-Tee-Black.jpg?fit=fill&bg=FFFFFF&w=140&h=75&auto=compress&dpr=3&trim=color&updated_at=1718970626&fm=avif&q=41 3x"
Nike Kobe Mamba Mentality Los Angeles Lakers City Edition Swingman Jersey (FW23) Black,$119,"https://images.stockx.com/images/Nike-Kobe-Mamba-Mentality-Los-Angeles-Lakers-City-Edition-Swingman-Jersey-Black-v2.jpg?fit=fill&bg=FFFFFF&w=140&h=75&auto=compress&dpr=1&trim=color&updated_at=1704211985&fm=avif&q=57 1x,
https://images.stockx.com/images/Nike-Kobe-Mamba-Mentality-Los-Angeles-Lakers-City-Edition-Swingman-Jersey-Black-v2.jpg?fit=fill&bg=FFFFFF&w=140&h=75&auto=compress&dpr=2&trim=color&updated_at=1704211985&fm=avif&q=60 2x,
https://images.stockx.com/images/Nike-Kobe-Mamba-Mentality-Los-Angeles-Lakers-City-Edition-Swingman-Jersey-Black-v2.jpg?fit=fill&bg=FFFFFF&w=140&h=75&auto=compress&dpr=3&trim=color&updated_at=1704211985&fm=avif&q=41 3x"
Swatch x Omega Bioceramic Moonswatch Mission To Moonphase Snoopy,$349,"https://images.stockx.com/images/Swatch-x-Omega-Bioceramic-Moonswatch-Mission-To-Moonphase-Snoopy-Black-Product.jpg?fit=fill&bg=FFFFFF&w=140&h=75&auto=compress&dpr=1&trim=color&updated_at=1713282621&fm=avif&q=57 1x,
https://images.stockx.com/images/Swatch-x-Omega-Bioceramic-Moonswatch-Mission-To-Moonphase-Snoopy-Black-Product.jpg?fit=fill&bg=FFFFFF&w=140&h=75&auto=compress&dpr=2&trim=color&updated_at=1713282621&fm=avif&q=60 2x,
https://images.stockx.com/images/Swatch-x-Omega-Bioceramic-Moonswatch-Mission-To-Moonphase-Snoopy-Black-Product.jpg?fit=fill&bg=FFFFFF&w=140&h=75&auto=compress&dpr=3&trim=color&updated_at=1713282621&fm=avif&q=41 3x"
Yeezy Gap Engineered by Balenciaga Dove Hoodie Black,$150,"https://images.stockx.com/images/Yeezy-Gap-Dove-Hoodie-Black.jpg?fit=fill&bg=FFFFFF&w=140&h=75&auto=compress&dpr=1&trim=color&updated_at=1653666222&fm=avif&q=57 1x,
https://images.stockx.com/images/Yeezy-Gap-Dove-Hoodie-Black.jpg?fit=fill&bg=FFFFFF&w=140&h=75&auto=compress&dpr=2&trim=color&updated_at=1653666222&fm=avif&q=60 2x,
https://images.stockx.com/images/Yeezy-Gap-Dove-Hoodie-Black.jpg?fit=fill&bg=FFFFFF&w=140&h=75&auto=compress&dpr=3&trim=color&updated_at=1653666222&fm=avif&q=41 3x"
Supreme MM6 Maison Margiela Box Logo Tee White,$135,"https://images.stockx.com/images/Supreme-MM6-Maison-Margiela-Box-Logo-Tee-White.jpg?fit=fill&bg=FFFFFF&w=140&h=75&auto=compress&dpr=1&trim=color&updated_at=1711632182&fm=avif&q=57 1x,
https://images.stockx.com/images/Supreme-MM6-Maison-Margiela-Box-Logo-Tee-White.jpg?fit=fill&bg=FFFFFF&w=140&h=75&auto=compress&dpr=2&trim=color&updated_at=1711632182&fm=avif&q=60 2x,
https://images.stockx.com/images/Supreme-MM6-Maison-Margiela-Box-Logo-Tee-White.jpg?fit=fill&bg=FFFFFF&w=140&h=75&auto=compress&dpr=3&trim=color&updated_at=1711632182&fm=avif&q=41 3x"
Stussy 8 Ball Pigment Dyed Tee Natural,$59,"https://images.stockx.com/images/Stussy-8-Ball-Pigment-Dyed-Tee-Natural-Product.jpg?fit=fill&bg=FFFFFF&w=140&h=75&auto=compress&dpr=1&trim=color&updated_at=1712594728&fm=avif&q=57 1x,
https://images.stockx.com/images/Stussy-8-Ball-Pigment-Dyed-Tee-Natural-Product.jpg?fit=fill&bg=FFFFFF&w=140&h=75&auto=compress&dpr=2&trim=color&updated_at=1712594728&fm=avif&q=60 2x,
https://images.stockx.com/images/Stussy-8-Ball-Pigment-Dyed-Tee-Natural-Product.jpg?fit=fill&bg=FFFFFF&w=140&h=75&auto=compress&dpr=3&trim=color&updated_at=1712594728&fm=avif&q=41 3x"
Supreme Futura Box Logo Tee Black,$71,"https://images.stockx.com/images/Supreme-Futura-Box-Logo-Tee-Black.jpg?fit=fill&bg=FFFFFF&w=140&h=75&auto=compress&dpr=1&trim=color&updated_at=1708007548&fm=avif&q=57 1x,
https://images.stockx.com/images/Supreme-Futura-Box-Logo-Tee-Black.jpg?fit=fill&bg=FFFFFF&w=140&h=75&auto=compress&dpr=2&trim=color&updated_at=1708007548&fm=avif&q=60 2x,
https://images.stockx.com/images/Supreme-Futura-Box-Logo-Tee-Black.jpg?fit=fill&bg=FFFFFF&w=140&h=75&auto=compress&dpr=3&trim=color&updated_at=1708007548&fm=avif&q=41 3x"
Jordan x Travis Scott T-shirt Brown,$82,"https://images.stockx.com/images/Jordan-x-Travis-Scott-T-shirt-Brown-2.jpg?fit=fill&bg=FFFFFF&w=140&h=75&auto=compress&dpr=1&trim=color&updated_at=1715779610&fm=avif&q=57 1x,
https://images.stockx.com/images/Jordan-x-Travis-Scott-T-shirt-Brown-2.jpg?fit=fill&bg=FFFFFF&w=140&h=75&auto=compress&dpr=2&trim=color&updated_at=1715779610&fm=avif&q=60 2x,
https://images.stockx.com/images/Jordan-x-Travis-Scott-T-shirt-Brown-2.jpg?fit=fill&bg=FFFFFF&w=140&h=75&auto=compress&dpr=3&trim=color&updated_at=1715779610&fm=avif&q=41 3x"
Nike Brazil 1998 Reissue Ronaldo Soccer Replica Jersey Varsity Maize,$145,"https://images.stockx.com/images/Nike-Brazil-1998-Reissue-Ronaldo-Soccer-Replica-Jersey-Varsity-Maize.jpg?fit=fill&bg=FFFFFF&w=140&h=75&auto=compress&dpr=1&trim=color&updated_at=1721056219&fm=avif&q=57 1x,
https://images.stockx.com/images/Nike-Brazil-1998-Reissue-Ronaldo-Soccer-Replica-Jersey-Varsity-Maize.jpg?fit=fill&bg=FFFFFF&w=140&h=75&auto=compress&dpr=2&trim=color&updated_at=1721056219&fm=avif&q=60 2x,
https://images.stockx.com/images/Nike-Brazil-1998-Reissue-Ronaldo-Soccer-Replica-Jersey-Varsity-Maize.jpg?fit=fill&bg=FFFFFF&w=140&h=75&auto=compress&dpr=3&trim=color&updated_at=1721056219&fm=avif&q=41 3x"
Supreme Maradona Soccer Jersey Multicolor,$163,"https://images.stockx.com/images/Supreme-Maradona-Soccer-Jersey-Multicolor.jpg?fit=fill&bg=FFFFFF&w=140&h=75&auto=compress&dpr=1&trim=color&updated_at=1712240887&fm=avif&q=57 1x,
https://images.stockx.com/images/Supreme-Maradona-Soccer-Jersey-Multicolor.jpg?fit=fill&bg=FFFFFF&w=140&h=75&auto=compress&dpr=2&trim=color&updated_at=1712240887&fm=avif&q=60 2x,
https://images.stockx.com/images/Supreme-Maradona-Soccer-Jersey-Multicolor.jpg?fit=fill&bg=FFFFFF&w=140&h=75&auto=compress&dpr=3&trim=color&updated_at=1712240887&fm=avif&q=41 3x"
Kith Olympics Heritage Atlanta Basketball Vintage Tee Black,$99,"https://images.stockx.com/images/Kith-Olympics-Heritage-Atlanta-Basketball-Vintage-Tee-Black.jpg?fit=fill&bg=FFFFFF&w=140&h=75&auto=compress&dpr=1&trim=color&updated_at=1722028756&fm=avif&q=57 1x,
https://images.stockx.com/images/Kith-Olympics-Heritage-Atlanta-Basketball-Vintage-Tee-Black.jpg?fit=fill&bg=FFFFFF&w=140&h=75&auto=compress&dpr=2&trim=color&updated_at=1722028756&fm=avif&q=60 2x,
https://images.stockx.com/images/Kith-Olympics-Heritage-Atlanta-Basketball-Vintage-Tee-Black.jpg?fit=fill&bg=FFFFFF&w=140&h=75&auto=compress&dpr=3&trim=color&updated_at=1722028756&fm=avif&q=41 3x"
Nike SB Team USA Olympics S/S Bowler Shirt Obsidian/White,$125,"https://images.stockx.com/images/Nike-SB-Team-USA-Olympics-S-S-Bowler-Shirt-Obsidian-White-2.jpg?fit=fill&bg=FFFFFF&w=140&h=75&auto=compress&dpr=1&trim=color&updated_at=1722435206&fm=avif&q=57 1x,
https://images.stockx.com/images/Nike-SB-Team-USA-Olympics-S-S-Bowler-Shirt-Obsidian-White-2.jpg?fit=fill&bg=FFFFFF&w=140&h=75&auto=compress&dpr=2&trim=color&updated_at=1722435206&fm=avif&q=60 2x,
https://images.stockx.com/images/Nike-SB-Team-USA-Olympics-S-S-Bowler-Shirt-Obsidian-White-2.jpg?fit=fill&bg=FFFFFF&w=140&h=75&auto=compress&dpr=3&trim=color&updated_at=1722435206&fm=avif&q=41 3x"
Gucci Jumbo GG Wallet Black,$185,"https://images.stockx.com/images/Gucci-Jumbo-GG-Wallet-Black.jpg?fit=fill&bg=FFFFFF&w=140&h=75&auto=compress&dpr=1&trim=color&trimcolor=ffffff&updated_at=1692381011&fm=avif&q=57 1x,
https://images.stockx.com/images/Gucci-Jumbo-GG-Wallet-Black.jpg?fit=fill&bg=FFFFFF&w=140&h=75&auto=compress&dpr=2&trim=color&trimcolor=ffffff&updated_at=1692381011&fm=avif&q=60 2x,
https://images.stockx.com/images/Gucci-Jumbo-GG-Wallet-Black.jpg?fit=fill&bg=FFFFFF&w=140&h=75&auto=compress&dpr=3&trim=color&trimcolor=ffffff&updated_at=1692381011&fm=avif&q=41 3x"
Nike SB Olympics 2024 S/S Jersey Obsidian/Bright Crimson,$155,"https://images.stockx.com/images/Nike-SB-Olympics-S-S-Jersey-Obsidian-Bright-Crimson.jpg?fit=fill&bg=FFFFFF&w=140&h=75&auto=compress&dpr=1&trim=color&updated_at=1721321963&fm=avif&q=57 1x,
https://images.stockx.com/images/Nike-SB-Olympics-S-S-Jersey-Obsidian-Bright-Crimson.jpg?fit=fill&bg=FFFFFF&w=140&h=75&auto=compress&dpr=2&trim=color&updated_at=1721321963&fm=avif&q=60 2x,
https://images.stockx.com/images/Nike-SB-Olympics-S-S-Jersey-Obsidian-Bright-Crimson.jpg?fit=fill&bg=FFFFFF&w=140&h=75&auto=compress&dpr=3&trim=color&updated_at=1721321963&fm=avif&q=41 3x"
ASICS Gel-Kayano 14 Kith Marvel Villains Silver Surfer Opened Box (Comic Not Included),$399,"https://images.stockx.com/images/ASICS-Gel-Kayano-14-Kith-Marvel-Villains-Silver-Surfer-Opened-Box-Comic-Not-Included-Updated.jpg?fit=fill&bg=FFFFFF&w=140&h=75&auto=compress&dpr=1&trim=color&updated_at=1722975086&fm=avif&q=57 1x,
https://images.stockx.com/images/ASICS-Gel-Kayano-14-Kith-Marvel-Villains-Silver-Surfer-Opened-Box-Comic-Not-Included-Updated.jpg?fit=fill&bg=FFFFFF&w=140&h=75&auto=compress&dpr=2&trim=color&updated_at=1722975086&fm=avif&q=60 2x,
https://images.stockx.com/images/ASICS-Gel-Kayano-14-Kith-Marvel-Villains-Silver-Surfer-Opened-Box-Comic-Not-Included-Updated.jpg?fit=fill&bg=FFFFFF&w=140&h=75&auto=compress&dpr=3&trim=color&updated_at=1722975086&fm=avif&q=41 3x"
Swatch x Omega Bioceramic Moonswatch Mission On Earth Lava SO33O100,$285,"https://images.stockx.com/images/Swatch-x-Omega-Bioceramic-Moonswatch-Mission-On-Earth-Lava-SO33O100-Black-Product.jpg?fit=fill&bg=FFFFFF&w=140&h=75&auto=compress&dpr=1&trim=color&updated_at=1720712932&fm=avif&q=57 1x,
https://images.stockx.com/images/Swatch-x-Omega-Bioceramic-Moonswatch-Mission-On-Earth-Lava-SO33O100-Black-Product.jpg?fit=fill&bg=FFFFFF&w=140&h=75&auto=compress&dpr=2&trim=color&updated_at=1720712932&fm=avif&q=60 2x,
https://images.stockx.com/images/Swatch-x-Omega-Bioceramic-Moonswatch-Mission-On-Earth-Lava-SO33O100-Black-Product.jpg?fit=fill&bg=FFFFFF&w=140&h=75&auto=compress&dpr=3&trim=color&updated_at=1720712932&fm=avif&q=41 3x"
Nike x NOCTA L'Art Racing Jacket Deep Royal Blue/Racer Blue/Phantom,$329,"https://images.stockx.com/images/Nike-x-NOCTA-LArt-Racing-Jacket-Deep-Royal-Blue-Racer-Blue-Phantom.jpg?fit=fill&bg=FFFFFF&w=140&h=75&auto=compress&dpr=1&trim=color&updated_at=1713802964&fm=avif&q=57 1x,
https://images.stockx.com/images/Nike-x-NOCTA-LArt-Racing-Jacket-Deep-Royal-Blue-Racer-Blue-Phantom.jpg?fit=fill&bg=FFFFFF&w=140&h=75&auto=compress&dpr=2&trim=color&updated_at=1713802964&fm=avif&q=60 2x,
https://images.stockx.com/images/Nike-x-NOCTA-LArt-Racing-Jacket-Deep-Royal-Blue-Racer-Blue-Phantom.jpg?fit=fill&bg=FFFFFF&w=140&h=75&auto=compress&dpr=3&trim=color&updated_at=1713802964&fm=avif&q=41 3x"
Kith x Marvel Von Doom Vintage Tee Stadium,$132,"https://images.stockx.com/images/Kith-x-Marvel-Von-Doom-Vintage-Tee-Stadium.jpg?fit=fill&bg=FFFFFF&w=140&h=75&auto=compress&dpr=1&trim=color&updated_at=1723061746&fm=avif&q=57 1x,
https://images.stockx.com/images/Kith-x-Marvel-Von-Doom-Vintage-Tee-Stadium.jpg?fit=fill&bg=FFFFFF&w=140&h=75&auto=compress&dpr=2&trim=color&updated_at=1723061746&fm=avif&q=60 2x,
https://images.stockx.com/images/Kith-x-Marvel-Von-Doom-Vintage-Tee-Stadium.jpg?fit=fill&bg=FFFFFF&w=140&h=75&auto=compress&dpr=3&trim=color&updated_at=1723061746&fm=avif&q=41 3x"
Burberry Icon Stripe Trim Cotton T-shirt White,$154,"https://images.stockx.com/images/Burberry-Icon-Stripe-Trim-Cotton-T-shirt-White.jpg?fit=fill&bg=FFFFFF&w=140&h=75&auto=compress&dpr=1&trim=color&updated_at=1683723164&fm=avif&q=57 1x,
https://images.stockx.com/images/Burberry-Icon-Stripe-Trim-Cotton-T-shirt-White.jpg?fit=fill&bg=FFFFFF&w=140&h=75&auto=compress&dpr=2&trim=color&updated_at=1683723164&fm=avif&q=60 2x,
https://images.stockx.com/images/Burberry-Icon-Stripe-Trim-Cotton-T-shirt-White.jpg?fit=fill&bg=FFFFFF&w=140&h=75&auto=compress&dpr=3&trim=color&updated_at=1683723164&fm=avif&q=41 3x"
Supreme Ducati Logo Tee Red,$120,"https://images.stockx.com/images/Supreme-Ducati-Logo-Tee-Red.jpg?fit=fill&bg=FFFFFF&w=140&h=75&auto=compress&dpr=1&trim=color&updated_at=1717076724&fm=avif&q=57 1x,
https://images.stockx.com/images/Supreme-Ducati-Logo-Tee-Red.jpg?fit=fill&bg=FFFFFF&w=140&h=75&auto=compress&dpr=2&trim=color&updated_at=1717076724&fm=avif&q=60 2x,
https://images.stockx.com/images/Supreme-Ducati-Logo-Tee-Red.jpg?fit=fill&bg=FFFFFF&w=140&h=75&auto=compress&dpr=3&trim=color&updated_at=1717076724&fm=avif&q=41 3x"
Travis Scott CJ x Audemars Piguet Watch Face Tee Green,$148,"https://images.stockx.com/images/Travis-Scott-CJ-x-Audemars-Piguet-Watch-Face-Tee-Green.jpg?fit=fill&bg=FFFFFF&w=140&h=75&auto=compress&dpr=1&trim=color&updated_at=1701802753&fm=avif&q=57 1x,
https://images.stockx.com/images/Travis-Scott-CJ-x-Audemars-Piguet-Watch-Face-Tee-Green.jpg?fit=fill&bg=FFFFFF&w=140&h=75&auto=compress&dpr=2&trim=color&updated_at=1701802753&fm=avif&q=60 2x,
https://images.stockx.com/images/Travis-Scott-CJ-x-Audemars-Piguet-Watch-Face-Tee-Green.jpg?fit=fill&bg=FFFFFF&w=140&h=75&auto=compress&dpr=3&trim=color&updated_at=1701802753&fm=avif&q=41 3x"
"Louis Vuitton by Tyler, the Creator Multiple Wallet Chocolate Craggy Monogram",$705,"https://images.stockx.com/images/Louis-Vuitton-by-Tyler-the-Creator-Multiple-Wallet-Chocolate-Craggy-Monogram.jpg?fit=fill&bg=FFFFFF&w=140&h=75&auto=compress&dpr=1&trim=color&trimcolor=ffffff&updated_at=1711131056&fm=avif&q=57 1x,
https://images.stockx.com/images/Louis-Vuitton-by-Tyler-the-Creator-Multiple-Wallet-Chocolate-Craggy-Monogram.jpg?fit=fill&bg=FFFFFF&w=140&h=75&auto=compress&dpr=2&trim=color&trimcolor=ffffff&updated_at=1711131056&fm=avif&q=60 2x,
https://images.stockx.com/images/Louis-Vuitton-by-Tyler-the-Creator-Multiple-Wallet-Chocolate-Craggy-Monogram.jpg?fit=fill&bg=FFFFFF&w=140&h=75&auto=compress&dpr=3&trim=color&trimcolor=ffffff&updated_at=1711131056&fm=avif&q=41 3x"
TAG Heuer x Kith Formula 1 WA121F-BA0023,"$3,072","https://images.stockx.com/images/TAG-Heuer-x-Kith-Formula-1-WA121F-BA0023-Eggshell.jpg?fit=fill&bg=FFFFFF&w=140&h=75&auto=compress&dpr=1&trim=color&updated_at=1714750443&fm=avif&q=57 1x,
https://images.stockx.com/images/TAG-Heuer-x-Kith-Formula-1-WA121F-BA0023-Eggshell.jpg?fit=fill&bg=FFFFFF&w=140&h=75&auto=compress&dpr=2&trim=color&updated_at=1714750443&fm=avif&q=60 2x,
https://images.stockx.com/images/TAG-Heuer-x-Kith-Formula-1-WA121F-BA0023-Eggshell.jpg?fit=fill&bg=FFFFFF&w=140&h=75&auto=compress&dpr=3&trim=color&updated_at=1714750443&fm=avif&q=41 3x"
Kith Shadow Stripe Marcel Soccer Jersey Gulf,$207,"https://images.stockx.com/images/Kith-Shadow-Stripe-Marcel-Soccer-Jersey-Gulf.jpg?fit=fill&bg=FFFFFF&w=140&h=75&auto=compress&dpr=1&trim=color&updated_at=1718025666&fm=avif&q=57 1x,
https://images.stockx.com/images/Kith-Shadow-Stripe-Marcel-Soccer-Jersey-Gulf.jpg?fit=fill&bg=FFFFFF&w=140&h=75&auto=compress&dpr=2&trim=color&updated_at=1718025666&fm=avif&q=60 2x,
https://images.stockx.com/images/Kith-Shadow-Stripe-Marcel-Soccer-Jersey-Gulf.jpg?fit=fill&bg=FFFFFF&w=140&h=75&auto=compress&dpr=3&trim=color&updated_at=1718025666&fm=avif&q=41 3x"
Dior x Stone Island Oversized Fit T-Shirt Black,"$1,060","https://images.stockx.com/images/Dior-x-Stone-Island-Oversized-Fit-T-Shirt-Black.jpg?fit=fill&bg=FFFFFF&w=140&h=75&auto=compress&dpr=1&trim=color&updated_at=1719951914&fm=avif&q=57 1x,
https://images.stockx.com/images/Dior-x-Stone-Island-Oversized-Fit-T-Shirt-Black.jpg?fit=fill&bg=FFFFFF&w=140&h=75&auto=compress&dpr=2&trim=color&updated_at=1719951914&fm=avif&q=60 2x,
https://images.stockx.com/images/Dior-x-Stone-Island-Oversized-Fit-T-Shirt-Black.jpg?fit=fill&bg=FFFFFF&w=140&h=75&auto=compress&dpr=3&trim=color&updated_at=1719951914&fm=avif&q=41 3x"
Eric Emanuel EE Basic Short Brown Paisley,$138,"https://images.stockx.com/images/Eric-Emanuel-EE-Basic-Short-Brown-Paisley.jpg?fit=fill&bg=FFFFFF&w=140&h=75&auto=compress&dpr=1&trim=color&updated_at=1721074401&fm=avif&q=57 1x,
https://images.stockx.com/images/Eric-Emanuel-EE-Basic-Short-Brown-Paisley.jpg?fit=fill&bg=FFFFFF&w=140&h=75&auto=compress&dpr=2&trim=color&updated_at=1721074401&fm=avif&q=60 2x,
https://images.stockx.com/images/Eric-Emanuel-EE-Basic-Short-Brown-Paisley.jpg?fit=fill&bg=FFFFFF&w=140&h=75&auto=compress&dpr=3&trim=color&updated_at=1721074401&fm=avif&q=41 3x"
Gallery Dept. Zip Tee Vintage Black,$235,"https://images.stockx.com/images/Gallery-Dept-Zip-Tee-Vintage-Black-2.jpg?fit=fill&bg=FFFFFF&w=140&h=75&auto=compress&dpr=1&trim=color&updated_at=1710169510&fm=avif&q=57 1x,
https://images.stockx.com/images/Gallery-Dept-Zip-Tee-Vintage-Black-2.jpg?fit=fill&bg=FFFFFF&w=140&h=75&auto=compress&dpr=2&trim=color&updated_at=1710169510&fm=avif&q=60 2x,
https://images.stockx.com/images/Gallery-Dept-Zip-Tee-Vintage-Black-2.jpg?fit=fill&bg=FFFFFF&w=140&h=75&auto=compress&dpr=3&trim=color&updated_at=1710169510&fm=avif&q=41 3x"
Louis Vuitton Speedy P9 Bandouliere 40 Turquoise,"$17,984","https://images.stockx.com/images/Louis-Vuitton-Speedy-P9-Bandouliere-40-Turquoise.jpg?fit=fill&bg=FFFFFF&w=140&h=75&auto=compress&dpr=1&trim=color&trimcolor=ffffff&updated_at=1720450386&fm=avif&q=57 1x,
https://images.stockx.com/images/Louis-Vuitton-Speedy-P9-Bandouliere-40-Turquoise.jpg?fit=fill&bg=FFFFFF&w=140&h=75&auto=compress&dpr=2&trim=color&trimcolor=ffffff&updated_at=1720450386&fm=avif&q=60 2x,
https://images.stockx.com/images/Louis-Vuitton-Speedy-P9-Bandouliere-40-Turquoise.jpg?fit=fill&bg=FFFFFF&w=140&h=75&auto=compress&dpr=3&trim=color&trimcolor=ffffff&updated_at=1720450386&fm=avif&q=41 3x"
Aime Leon Dore x Rimowa Classic Cabin Green,"$4,521","https://images.stockx.com/images/Aime-Leon-Dore-x-Rimowa-Classic-Cabin-Green.jpg?fit=fill&bg=FFFFFF&w=140&h=75&auto=compress&dpr=1&trim=color&updated_at=1716483045&fm=avif&q=57 1x,
https://images.stockx.com/images/Aime-Leon-Dore-x-Rimowa-Classic-Cabin-Green.jpg?fit=fill&bg=FFFFFF&w=140&h=75&auto=compress&dpr=2&trim=color&updated_at=1716483045&fm=avif&q=60 2x,
https://images.stockx.com/images/Aime-Leon-Dore-x-Rimowa-Classic-Cabin-Green.jpg?fit=fill&bg=FFFFFF&w=140&h=75&auto=compress&dpr=3&trim=color&updated_at=1716483045&fm=avif&q=41 3x"
Aime Leon Dore Lesvos Cropped Camp Shirt Cream,$315,"https://images.stockx.com/images/Aime-Leon-Dore-Lesvos-Cropped-Camp-Shirt-Cream.jpg?fit=fill&bg=FFFFFF&w=140&h=75&auto=compress&dpr=1&trim=color&updated_at=1716483043&fm=avif&q=57 1x,
https://images.stockx.com/images/Aime-Leon-Dore-Lesvos-Cropped-Camp-Shirt-Cream.jpg?fit=fill&bg=FFFFFF&w=140&h=75&auto=compress&dpr=2&trim=color&updated_at=1716483043&fm=avif&q=60 2x,
https://images.stockx.com/images/Aime-Leon-Dore-Lesvos-Cropped-Camp-Shirt-Cream.jpg?fit=fill&bg=FFFFFF&w=140&h=75&auto=compress&dpr=3&trim=color&updated_at=1716483043&fm=avif&q=41 3x"
Corteiz x Slaughter Gang 21 Savage Mesh Shorts Black,$142,"https://images.stockx.com/images/Corteiz-x-Slaughter-Gang-21-Savage-Mesh-Shorts-Black.jpg?fit=fill&bg=FFFFFF&w=140&h=75&auto=compress&dpr=1&trim=color&updated_at=1721785436&fm=avif&q=57 1x,
https://images.stockx.com/images/Corteiz-x-Slaughter-Gang-21-Savage-Mesh-Shorts-Black.jpg?fit=fill&bg=FFFFFF&w=140&h=75&auto=compress&dpr=2&trim=color&updated_at=1721785436&fm=avif&q=60 2x,
https://images.stockx.com/images/Corteiz-x-Slaughter-Gang-21-Savage-Mesh-Shorts-Black.jpg?fit=fill&bg=FFFFFF&w=140&h=75&auto=compress&dpr=3&trim=color&updated_at=1721785436&fm=avif&q=41 3x"
Louis Vuitton Damier Washed Denim Skate Pants Indigo,"$2,089","https://images.stockx.com/images/Louis-Vuitton-Damier-Washed-Denim-Skate-Pants-Indigo.jpg?fit=fill&bg=FFFFFF&w=140&h=75&auto=compress&dpr=1&trim=color&updated_at=1720502629&fm=avif&q=57 1x,
https://images.stockx.com/images/Louis-Vuitton-Damier-Washed-Denim-Skate-Pants-Indigo.jpg?fit=fill&bg=FFFFFF&w=140&h=75&auto=compress&dpr=2&trim=color&updated_at=1720502629&fm=avif&q=60 2x,
https://images.stockx.com/images/Louis-Vuitton-Damier-Washed-Denim-Skate-Pants-Indigo.jpg?fit=fill&bg=FFFFFF&w=140&h=75&auto=compress&dpr=3&trim=color&updated_at=1720502629&fm=avif&q=41 3x"
Hellstar Warm Up T-shirt Neon Green,$159,"https://images.stockx.com/images/Hellstar-Warm-Up-T-shirt-Neon-Green.jpg?fit=fill&bg=FFFFFF&w=140&h=75&auto=compress&dpr=1&trim=color&updated_at=1719009637&fm=avif&q=57 1x,
https://images.stockx.com/images/Hellstar-Warm-Up-T-shirt-Neon-Green.jpg?fit=fill&bg=FFFFFF&w=140&h=75&auto=compress&dpr=2&trim=color&updated_at=1719009637&fm=avif&q=60 2x,
https://images.stockx.com/images/Hellstar-Warm-Up-T-shirt-Neon-Green.jpg?fit=fill&bg=FFFFFF&w=140&h=75&auto=compress&dpr=3&trim=color&updated_at=1719009637&fm=avif&q=41 3x"
